{
    "AP": {
        "Composition": [
            [
                1.0,
                "N"
            ],
            [
                4.0,
                "H"
            ],
            [
                1.0,
                "Cl"
            ],
            [
                4.0,
                "O"
            ]
        ],
        "Enthalpy": [
            -295770.0,
            2
        ],
        "Intervals": [
            {
                "T_int": [
                    298.0,
                    513.0
                ],
                "a": [
                    5.9912,
                    0.0357567674,
                    -2.2390015e-05,
                    1.54354255e-08,
                    29582.6212
                ],
                "b": [
                    -38681.4136,
                    19.7661678
                ],
                "exp": [
                    0.0,
                    1.0,
                    2.0,
                    3.0,
                    -2.0
                ]
            },
            {
                "T_int": [
                    513.0,
                    1500.0
                ],
                "a": [
                    27.0869841,
                    -0.0244218842,
                    4.8376994e-05,
                    -1.65653779e-08,
                    -900148.054
                ],
                "b": [
                    -44870.1126,
                    57.336632
                ],
                "exp": [
                    0.0,
                    1.0,
                    2.0,
                    3.0,
                    -2.0
                ]
            }
        ],
        "MolecWeight": [
            117.49,
            0
        ],
        "Phase": 2,
        "isActive": true
    },
    "AP (single T)": {
        "Composition": [
            [
                1.0,
                "N"
            ],
            [
                4.0,
                "H"
            ],
            [
                1.0,
                "Cl"
            ],
            [
                4.0,
                "O"
            ]
        ],
        "Enthalpy": [
            -295770.0,
            2,
            298.15
        ],
        "MolecWeight": [
            117.49,
            0
        ],
        "Phase": 2,
        "isActive": true
    },
    "CH4(L)": {
        "Composition": [
            [
                1.0,
                "C"
            ],
            [
                4.0,
                "H"
            ]
        ],
        "Enthalpy": [
            -89233.0,
            1,
            111.643
        ],
        "MolecWeight": [
            16.04002,
            0
        ],
        "Phase": 1,
        "isActive": true
    },
    "H2(L)": {
        "Composition": [
            [
                2.0,
                "H"
            ]
        ],
        "Enthalpy": [
            -9.012, 
            2,
            20.27
        ], 
        "MolecWeight": [
            2.01588,
            0
        ],
        "Phase": 1,
        "isActive": true
    },
    "HTPB-R45M": {
        "Composition": [
            [
                213.8,
                "C"
            ],
            [
                323.0,
                "H"
            ],
            [
                4.6,
                "O"
            ],
            [
                2.3,
                "N"
            ]
        ],
        "Enthalpy": [
            -342.0,
            2,
            298.15
        ],
        "MolecWeight": [
            3.0,
            1
        ],
        "Phase": 2,
        "isActive": true
    },
    "KNO3(s)": {
        "Composition": [
            [
                1.0,
                "K"
            ],
            [
                1.0,
                "N"
            ],
            [
                3.0,
                "O"
            ]
        ],
        "Enthalpy": [
            -494630.0,
            2,
            298.15
        ],
        "MolecWeight": [
            101.103,
            0
        ],
        "Phase": 2,
        "isActive": true
    },
    "NC": {
        "Composition": [
            [
                6.0,
                "C"
            ],
            [
                8.0,
                "H"
            ],
            [
                9.0,
                "O"
            ],
            [
                2.0,
                "N"
            ]
        ],
        "Enthalpy": [
            -961287.5,
            2,
            298.15
        ],
        "MolecWeight": [
            252.1357,
            0
        ],
        "Phase": 2,
        "isActive": true
    },
    "NG": {
        "Composition": [
            [
                3.0,
                "C"
            ],
            [
                5.0,
                "H"
            ],
            [
                3.0,
                "N"
            ],
            [
                9.0,
                "O"
            ]
        ],
        "Enthalpy": [
            -380000.0,
            2,
            298.15
        ],
        "MolecWeight": [
            227.0865,
            0
        ],
        "Phase": 2,
        "isActive": true
    },
    "O2(L)": {
        "Composition": [
            [
                2.0,
                "O"
            ]
        ],
        "Enthalpy": [
            -12979.0,
            2,
            90.17
        ],
        "MolecWeight": [
            31.9988,
            0
        ],
        "Phase": 1,
        "isActive": true
    },
    "Sorbitol": {
        "Composition": [
            [
                6.0,
                "C"
            ],
            [
                14.0,
                "H"
            ],
            [
                6.0,
                "O"
            ]
        ],
        "Enthalpy": [
            -1353700.0,
            2,
            298.15
        ],
        "MolecWeight": [
            182.17,
            0
        ],
        "Phase": 2,
        "isActive": true
    }
} 
